[{"@type":"connection","id":"@1","name":"DCF_ORCL_SWTEST","description":"Source_SWTEST","runtimeEnvironmentId":"@3hBMLqd9OE6dAnXh46FhcX","instanceDisplayName":"Oracle","host":"65.2.120.135","database":"SWTEST.inapp.com","codepage":"UTF-8","authenticationType":"native","adjustedJdbcHostName":"65.2.120.135","schema":"FNPROD","shortDescription":"Source_SWTEST","type":"Oracle","baseType":"Oracle","port":1521,"password":"********","username":"DEFDEVELOP","majorUpdateTime":"2024-05-24T06:28:09.000Z","timeout":60,"connParams":{"agentId":"01CVHB08000000000003","CryptoProtocolVersion":"TLSv1","agentGroupId":"01CVHB25000000000005","encryptionMethod":"NoEncryption","orgId":"01CVHB","ValidateServerCertificate":"False","oracleSubType":"oracleonpremise","authenticationType":"native"},"internal":false,"federatedId":"i0Z3ItZXVYRj4A6GqgS3c4","retryNetworkError":false,"supportsCCIMultiGroup":false,"metadataBrowsable":true,"supportLabels":false,"vaultEnabled":false,"vaultEnabledParams":[]}]